<?xml version="1.0" encoding="utf-8"?>
<ArrayOfSession xmlns:xsi="http://www.w3.org/2001/XMLSchema-instance" xmlns:xsd="http://www.w3.org/2001/XMLSchema">
  <Session Id="0">
    <TimeZoneOffset>-03:00:00</TimeZoneOffset>
    <Interval>
      <Start>2022-03-23T18:34:32.020474</Start>
      <End>2022-03-23T18:36:30.0035011</End>
    </Interval>
    <StartLocalTimeString>2022-03-23 18:34:32.020</StartLocalTimeString>
    <EndLocalTimeString>2022-03-23 18:36:30.003</EndLocalTimeString>
    <ExperimentFileName>Test.experiment</ExperimentFileName>
    <VisitMode>Mode2</VisitMode>
    <VisitDurationLimit>10</VisitDurationLimit>
    <DiagnosticMode>true</DiagnosticMode>
    <SoftwareVersion>3.5.3.0</SoftwareVersion>
    <Hardware>
      <SerialPort>
        <PortName>COM3</PortName>
        <BaudRate>115200</BaudRate>
        <ReadBufferSize>102400</ReadBufferSize>
        <WriteBufferSize>102400</WriteBufferSize>
      </SerialPort>
      <CanDevice>
        <VciObjectId>0</VciObjectId>
        <Manufacturer />
        <HardwareVersion />
        <DriverVersion />
        <DeviceClass>00000000-0000-0000-0000-000000000000</DeviceClass>
        <Description>No Device</Description>
        <UniqueHardwareId xsi:type="xsd:string">No Device</UniqueHardwareId>
      </CanDevice>
      <Mqtt>
        <Address>172.31.0.254</Address>
        <Organization>tse</Organization>
        <Side>dev</Side>
        <Group>test</Group>
      </Mqtt>
    </Hardware>
  </Session>
</ArrayOfSession>